delivery_id,trip_id,shopper_id,trip_started_at,trip_ended_at,store_id,delivered_at
240254,1,1,2014-03-13 15:00:00,2014-03-13 17:20:33,49,2014-03-13 17:02:17
245981,1,1,2014-03-13 15:00:00,2014-03-13 17:20:33,49,2014-03-13 17:15:21
246426,1,1,2014-03-13 15:00:00,2014-03-13 17:20:33,49,2014-03-13 17:20:33
244360,2,2,2014-03-13 15:00:00,2014-03-13 17:24:27,49,2014-03-13 15:59:38
246434,2,2,2014-03-13 15:00:00,2014-03-13 17:24:27,49,2014-03-13 16:42:22
241676,2,2,2014-03-13 15:00:00,2014-03-13 17:24:27,49,2014-03-13 17:24:27
241818,3,3,2014-03-13 15:00:00,2014-03-13 16:44:15,51,2014-03-13 16:23:13
245935,3,3,2014-03-13 15:00:00,2014-03-13 16:44:15,51,2014-03-13 16:39:42
245884,3,3,2014-03-13 15:00:00,2014-03-13 16:44:15,51,2014-03-13 16:44:15
246411,4,4,2014-03-13 15:00:00,2014-03-13 17:50:41,51,2014-03-13 16:08:09
246468,4,4,2014-03-13 15:00:00,2014-03-13 17:50:41,51,2014-03-13 17:07:21
242227,4,4,2014-03-13 15:00:00,2014-03-13 17:50:41,51,2014-03-13 17:50:41
242539,5,5,2014-03-13 15:00:00,2014-03-13 17:08:46,52,2014-03-13 16:23:48
245124,5,5,2014-03-13 15:00:00,2014-03-13 17:08:46,52,2014-03-13 16:49:37
245934,5,5,2014-03-13 15:00:00,2014-03-13 17:08:46,52,2014-03-13 17:08:46
242584,6,6,2014-03-13 15:00:00,2014-03-13 17:02:33,52,2014-03-13 16:47:51
244971,6,6,2014-03-13 15:00:00,2014-03-13 17:02:33,52,2014-03-13 16:57:37
242521,6,6,2014-03-13 15:00:00,2014-03-13 17:02:33,52,2014-03-13 17:02:33
246413,7,7,2014-03-13 15:00:00,2014-03-13 18:00:05,53,2014-03-13 16:05:29
246428,7,7,2014-03-13 15:00:00,2014-03-13 18:00:05,53,2014-03-13 16:54:08
246481,7,7,2014-03-13 15:00:00,2014-03-13 18:00:05,53,2014-03-13 18:00:05
245123,8,8,2014-03-13 15:00:00,2014-03-13 16:32:30,53,2014-03-13 16:02:46
241784,8,8,2014-03-13 15:00:00,2014-03-13 16:32:30,53,2014-03-13 16:27:55
242094,8,8,2014-03-13 15:00:00,2014-03-13 16:32:30,53,2014-03-13 16:32:30
246400,9,9,2014-03-13 15:00:00,2014-03-13 18:05:17,54,2014-03-13 16:14:28
242563,9,9,2014-03-13 15:00:00,2014-03-13 18:05:17,54,2014-03-13 17:09:10
245452,9,9,2014-03-13 15:00:00,2014-03-13 18:05:17,54,2014-03-13 18:05:17
245898,10,10,2014-03-13 15:00:00,2014-03-13 16:36:46,54,2014-03-13 16:15:52
240844,10,10,2014-03-13 15:00:00,2014-03-13 16:36:46,54,2014-03-13 16:29:53
242918,10,10,2014-03-13 15:00:00,2014-03-13 16:36:46,54,2014-03-13 16:36:46
246499,11,1,2014-03-13 17:20:33,2014-03-13 18:08:41,51,2014-03-13 17:57:41
246541,11,1,2014-03-13 17:20:33,2014-03-13 18:08:41,51,2014-03-13 18:04:06
240853,11,1,2014-03-13 17:20:33,2014-03-13 18:08:41,51,2014-03-13 18:08:41
246489,12,2,2014-03-13 17:24:27,2014-03-13 18:32:08,53,2014-03-13 18:18:31
240455,12,2,2014-03-13 17:24:27,2014-03-13 18:32:08,53,2014-03-13 18:22:55
240908,12,2,2014-03-13 17:24:27,2014-03-13 18:32:08,53,2014-03-13 18:32:08
246467,13,3,2014-03-13 16:44:15,2014-03-13 18:43:46,49,2014-03-13 18:23:51
242110,13,3,2014-03-13 16:44:15,2014-03-13 18:43:46,49,2014-03-13 18:39:08
242315,13,3,2014-03-13 16:44:15,2014-03-13 18:43:46,49,2014-03-13 18:43:46
242126,14,4,2014-03-13 17:50:41,2014-03-13 19:02:17,54,2014-03-13 18:53:33
240368,14,4,2014-03-13 17:50:41,2014-03-13 19:02:17,54,2014-03-13 19:00:06
246022,14,4,2014-03-13 17:50:41,2014-03-13 19:02:17,54,2014-03-13 19:02:17
240369,15,5,2014-03-13 17:08:46,2014-03-13 18:57:04,53,2014-03-13 18:46:10
242569,15,5,2014-03-13 17:08:46,2014-03-13 18:57:04,53,2014-03-13 18:54:29
242581,15,5,2014-03-13 17:08:46,2014-03-13 18:57:04,53,2014-03-13 18:57:04
240396,16,6,2014-03-13 17:02:33,2014-03-13 18:50:03,53,2014-03-13 18:35:03
241771,16,6,2014-03-13 17:02:33,2014-03-13 18:50:03,53,2014-03-13 18:41:43
242331,16,6,2014-03-13 17:02:33,2014-03-13 18:50:03,53,2014-03-13 18:50:03
245560,17,7,2014-03-13 18:00:05,2014-03-13 19:57:41,49,2014-03-13 19:45:29
245262,17,7,2014-03-13 18:00:05,2014-03-13 19:57:41,49,2014-03-13 19:49:55
243341,17,7,2014-03-13 18:00:05,2014-03-13 19:57:41,49,2014-03-13 19:57:41
241692,18,8,2014-03-13 16:32:30,2014-03-13 19:10:35,53,2014-03-13 19:05:10
242229,18,8,2014-03-13 16:32:30,2014-03-13 19:10:35,53,2014-03-13 19:09:11
242285,18,8,2014-03-13 16:32:30,2014-03-13 19:10:35,53,2014-03-13 19:10:35
245883,19,9,2014-03-13 18:05:17,2014-03-13 19:26:53,52,2014-03-13 18:56:27
241879,19,9,2014-03-13 18:05:17,2014-03-13 19:26:53,52,2014-03-13 19:21:36
242534,19,9,2014-03-13 18:05:17,2014-03-13 19:26:53,52,2014-03-13 19:26:53
242582,20,10,2014-03-13 16:36:46,2014-03-13 18:36:25,54,2014-03-13 17:36:23
244569,20,10,2014-03-13 16:36:46,2014-03-13 18:36:25,54,2014-03-13 18:04:38
245997,20,10,2014-03-13 16:36:46,2014-03-13 18:36:25,54,2014-03-13 18:36:25
245973,21,1,2014-03-13 18:08:41,2014-03-13 20:31:45,53,2014-03-13 20:12:23
245972,21,1,2014-03-13 18:08:41,2014-03-13 20:31:45,53,2014-03-13 20:17:56
246523,21,1,2014-03-13 18:08:41,2014-03-13 20:31:45,53,2014-03-13 20:31:45
246118,22,2,2014-03-13 18:32:08,2014-03-13 20:19:59,49,2014-03-13 20:10:08
246117,22,2,2014-03-13 18:32:08,2014-03-13 20:19:59,49,2014-03-13 20:11:18
246583,22,2,2014-03-13 18:32:08,2014-03-13 20:19:59,49,2014-03-13 20:19:59
242511,23,3,2014-03-13 18:43:46,2014-03-13 20:26:35,53,2014-03-13 20:08:03
246666,23,3,2014-03-13 18:43:46,2014-03-13 20:26:35,53,2014-03-13 20:18:44
242591,23,3,2014-03-13 18:43:46,2014-03-13 20:26:35,53,2014-03-13 20:26:35
246675,24,4,2014-03-13 19:02:17,2014-03-13 20:37:06,53,2014-03-13 20:08:50
246644,24,4,2014-03-13 19:02:17,2014-03-13 20:37:06,53,2014-03-13 20:24:24
246487,24,4,2014-03-13 19:02:17,2014-03-13 20:37:06,53,2014-03-13 20:37:06
246659,25,5,2014-03-13 18:57:04,2014-03-13 20:23:05,49,2014-03-13 19:49:00
246683,25,5,2014-03-13 18:57:04,2014-03-13 20:23:05,49,2014-03-13 20:11:03
246370,25,5,2014-03-13 18:57:04,2014-03-13 20:23:05,49,2014-03-13 20:23:05
246549,26,6,2014-03-13 18:50:03,2014-03-13 19:38:47,53,2014-03-13 19:32:22
246656,26,6,2014-03-13 18:50:03,2014-03-13 19:38:47,53,2014-03-13 19:34:52
246616,26,6,2014-03-13 18:50:03,2014-03-13 19:38:47,53,2014-03-13 19:38:47
246693,27,7,2014-03-13 19:57:41,2014-03-13 20:49:55,53,2014-03-13 20:40:32
246717,27,7,2014-03-13 19:57:41,2014-03-13 20:49:55,53,2014-03-13 20:48:31
246686,27,7,2014-03-13 19:57:41,2014-03-13 20:49:55,53,2014-03-13 20:49:55
246115,28,8,2014-03-13 19:10:35,2014-03-13 20:53:30,54,2014-03-13 20:24:44
246694,28,8,2014-03-13 19:10:35,2014-03-13 20:53:30,54,2014-03-13 20:48:03
246711,28,8,2014-03-13 19:10:35,2014-03-13 20:53:30,54,2014-03-13 20:53:30
246605,29,9,2014-03-13 19:26:53,2014-03-13 22:00:06,54,2014-03-13 21:48:13
246663,29,9,2014-03-13 19:26:53,2014-03-13 22:00:06,54,2014-03-13 21:58:33
246688,29,9,2014-03-13 19:26:53,2014-03-13 22:00:06,54,2014-03-13 22:00:06
246603,30,10,2014-03-13 18:36:25,2014-03-13 19:41:00,53,2014-03-13 19:34:31
246640,30,10,2014-03-13 18:36:25,2014-03-13 19:41:00,53,2014-03-13 19:38:26
246658,30,10,2014-03-13 18:36:25,2014-03-13 19:41:00,53,2014-03-13 19:41:00
246137,31,1,2014-03-13 20:31:45,2014-03-13 21:58:35,51,2014-03-13 21:43:10
246598,31,1,2014-03-13 20:31:45,2014-03-13 21:58:35,51,2014-03-13 21:46:15
246743,31,1,2014-03-13 20:31:45,2014-03-13 21:58:35,51,2014-03-13 21:58:35
246790,32,2,2014-03-13 20:19:59,2014-03-13 22:07:09,51,2014-03-13 21:51:20
246765,32,2,2014-03-13 20:19:59,2014-03-13 22:07:09,51,2014-03-13 21:53:47
246075,32,2,2014-03-13 20:19:59,2014-03-13 22:07:09,51,2014-03-13 22:07:09
246783,33,3,2014-03-13 20:26:35,2014-03-13 22:29:13,53,2014-03-13 22:00:02
246445,33,3,2014-03-13 20:26:35,2014-03-13 22:29:13,53,2014-03-13 22:15:36
246696,33,3,2014-03-13 20:26:35,2014-03-13 22:29:13,53,2014-03-13 22:29:13
246695,34,4,2014-03-13 20:37:06,2014-03-13 21:55:50,49,2014-03-13 21:25:55
246805,34,4,2014-03-13 20:37:06,2014-03-13 21:55:50,49,2014-03-13 21:27:56
246807,34,4,2014-03-13 20:37:06,2014-03-13 21:55:50,49,2014-03-13 21:55:50
246377,35,5,2014-03-13 20:23:05,2014-03-13 22:00:11,51,2014-03-13 21:49:58
246586,35,5,2014-03-13 20:23:05,2014-03-13 22:00:11,51,2014-03-13 21:59:26
246587,35,5,2014-03-13 20:23:05,2014-03-13 22:00:11,51,2014-03-13 22:00:11
246718,36,6,2014-03-13 19:38:47,2014-03-13 20:36:13,51,2014-03-13 20:26:58
246741,36,6,2014-03-13 19:38:47,2014-03-13 20:36:13,51,2014-03-13 20:30:51
246712,36,6,2014-03-13 19:38:47,2014-03-13 20:36:13,51,2014-03-13 20:36:13
246726,37,7,2014-03-13 20:49:55,2014-03-13 22:07:55,51,2014-03-13 21:57:54
246700,37,7,2014-03-13 20:49:55,2014-03-13 22:07:55,51,2014-03-13 21:59:38
246809,37,7,2014-03-13 20:49:55,2014-03-13 22:07:55,51,2014-03-13 22:07:55
246800,38,8,2014-03-13 20:53:30,2014-03-13 22:14:49,54,2014-03-13 21:58:55
246801,38,8,2014-03-13 20:53:30,2014-03-13 22:14:49,54,2014-03-13 21:59:37
246821,38,8,2014-03-13 20:53:30,2014-03-13 22:14:49,54,2014-03-13 22:14:49
246816,39,9,2014-03-13 22:00:06,2014-03-13 23:08:58,53,2014-03-13 23:01:32
246825,39,9,2014-03-13 22:00:06,2014-03-13 23:08:58,53,2014-03-13 23:04:15
246824,39,9,2014-03-13 22:00:06,2014-03-13 23:08:58,53,2014-03-13 23:08:58
246722,40,10,2014-03-13 19:41:00,2014-03-13 21:01:59,49,2014-03-13 20:52:23
246756,40,10,2014-03-13 19:41:00,2014-03-13 21:01:59,49,2014-03-13 20:55:34
246782,40,10,2014-03-13 19:41:00,2014-03-13 21:01:59,49,2014-03-13 21:01:59
242572,41,1,2014-03-13 21:58:35,2014-03-13 22:59:02,54,2014-03-13 22:42:07
246969,41,1,2014-03-13 21:58:35,2014-03-13 22:59:02,54,2014-03-13 22:49:12
246994,41,1,2014-03-13 21:58:35,2014-03-13 22:59:02,54,2014-03-13 22:59:02
247073,42,2,2014-03-13 22:07:09,2014-03-13 23:33:48,52,2014-03-13 23:02:51
246926,42,2,2014-03-13 22:07:09,2014-03-13 23:33:48,52,2014-03-13 23:22:14
246952,42,2,2014-03-13 22:07:09,2014-03-13 23:33:48,52,2014-03-13 23:33:48
246921,43,3,2014-03-13 22:29:13,2014-03-13 23:26:27,53,2014-03-13 23:11:17
246932,43,3,2014-03-13 22:29:13,2014-03-13 23:26:27,53,2014-03-13 23:18:52
246945,43,3,2014-03-13 22:29:13,2014-03-13 23:26:27,53,2014-03-13 23:26:27
246396,44,4,2014-03-13 21:55:50,2014-03-13 23:41:22,49,2014-03-13 23:22:34
246923,44,4,2014-03-13 21:55:50,2014-03-13 23:41:22,49,2014-03-13 23:32:25
246956,44,4,2014-03-13 21:55:50,2014-03-13 23:41:22,49,2014-03-13 23:41:22
246624,45,5,2014-03-13 22:00:11,2014-03-13 23:11:08,51,2014-03-13 22:52:12
246885,45,5,2014-03-13 22:00:11,2014-03-13 23:11:08,51,2014-03-13 23:00:07
246961,45,5,2014-03-13 22:00:11,2014-03-13 23:11:08,51,2014-03-13 23:11:08
246819,46,6,2014-03-13 20:36:13,2014-03-13 22:04:38,54,2014-03-13 21:50:15
246908,46,6,2014-03-13 20:36:13,2014-03-13 22:04:38,54,2014-03-13 21:53:29
247075,46,6,2014-03-13 20:36:13,2014-03-13 22:04:38,54,2014-03-13 22:04:38
246964,47,7,2014-03-13 22:07:55,2014-03-14 00:14:46,53,2014-03-13 23:46:30
246965,47,7,2014-03-13 22:07:55,2014-03-14 00:14:46,53,2014-03-14 00:01:28
246981,47,7,2014-03-13 22:07:55,2014-03-14 00:14:46,53,2014-03-14 00:14:46
246936,48,8,2014-03-13 22:14:49,2014-03-13 23:32:19,49,2014-03-13 23:09:08
246944,48,8,2014-03-13 22:14:49,2014-03-13 23:32:19,49,2014-03-13 23:23:32
246957,48,8,2014-03-13 22:14:49,2014-03-13 23:32:19,49,2014-03-13 23:32:19
246966,49,9,2014-03-13 23:08:58,2014-03-14 00:53:57,53,2014-03-14 00:04:18
246970,49,9,2014-03-13 23:08:58,2014-03-14 00:53:57,53,2014-03-14 00:26:17
247000,49,9,2014-03-13 23:08:58,2014-03-14 00:53:57,53,2014-03-14 00:53:57
246679,50,10,2014-03-13 21:01:59,2014-03-13 22:52:47,53,2014-03-13 22:45:02
246886,50,10,2014-03-13 21:01:59,2014-03-13 22:52:47,53,2014-03-13 22:48:51
247008,50,10,2014-03-13 21:01:59,2014-03-13 22:52:47,53,2014-03-13 22:52:47
247438,51,1,2014-03-13 22:59:02,2014-03-14 00:18:46,49,2014-03-13 23:48:07
247419,51,1,2014-03-13 22:59:02,2014-03-14 00:18:46,49,2014-03-13 23:58:52
247474,51,1,2014-03-13 22:59:02,2014-03-14 00:18:46,49,2014-03-14 00:18:46
247496,52,2,2014-03-13 23:33:48,2014-03-14 01:05:50,49,2014-03-14 00:39:10
246830,52,2,2014-03-13 23:33:48,2014-03-14 01:05:50,49,2014-03-14 00:47:13
246818,52,2,2014-03-13 23:33:48,2014-03-14 01:05:50,49,2014-03-14 01:05:50
247478,53,3,2014-03-13 23:26:27,2014-03-14 00:43:44,49,2014-03-14 00:24:56
246122,53,3,2014-03-13 23:26:27,2014-03-14 00:43:44,49,2014-03-14 00:36:59
246335,53,3,2014-03-13 23:26:27,2014-03-14 00:43:44,49,2014-03-14 00:43:44
246049,54,4,2014-03-13 23:41:22,2014-03-14 00:52:01,53,2014-03-14 00:31:18
247030,54,4,2014-03-13 23:41:22,2014-03-14 00:52:01,53,2014-03-14 00:46:12
246684,54,4,2014-03-13 23:41:22,2014-03-14 00:52:01,53,2014-03-14 00:52:01
247371,55,5,2014-03-13 23:11:08,2014-03-14 00:34:04,53,2014-03-14 00:19:07
247408,55,5,2014-03-13 23:11:08,2014-03-14 00:34:04,53,2014-03-14 00:31:08
247490,55,5,2014-03-13 23:11:08,2014-03-14 00:34:04,53,2014-03-14 00:34:04
247020,56,6,2014-03-13 22:04:38,2014-03-14 00:22:57,53,2014-03-13 23:38:30
247148,56,6,2014-03-13 22:04:38,2014-03-14 00:22:57,53,2014-03-14 00:06:43
247051,56,6,2014-03-13 22:04:38,2014-03-14 00:22:57,53,2014-03-14 00:22:57
247158,57,7,2014-03-14 00:14:46,2014-03-14 00:51:22,53,2014-03-14 00:41:07
247180,57,7,2014-03-14 00:14:46,2014-03-14 00:51:22,53,2014-03-14 00:45:15
247159,57,7,2014-03-14 00:14:46,2014-03-14 00:51:22,53,2014-03-14 00:51:22
247471,58,8,2014-03-13 23:32:19,2014-03-14 00:49:43,53,2014-03-14 00:29:16
246690,58,8,2014-03-13 23:32:19,2014-03-14 00:49:43,53,2014-03-14 00:42:36
246123,58,8,2014-03-13 23:32:19,2014-03-14 00:49:43,53,2014-03-14 00:49:43
247208,59,9,2014-03-14 00:53:57,2014-03-14 02:27:24,53,2014-03-14 02:12:40
247224,59,9,2014-03-14 00:53:57,2014-03-14 02:27:24,53,2014-03-14 02:20:13
247188,59,9,2014-03-14 00:53:57,2014-03-14 02:27:24,53,2014-03-14 02:27:24
246995,60,10,2014-03-13 22:52:47,2014-03-13 23:36:34,54,2014-03-13 23:28:47
247405,60,10,2014-03-13 22:52:47,2014-03-13 23:36:34,54,2014-03-13 23:31:59
247406,60,10,2014-03-13 22:52:47,2014-03-13 23:36:34,54,2014-03-13 23:36:34
246050,61,1,2014-03-14 00:18:46,2014-03-14 02:10:56,49,2014-03-14 01:56:45
247242,61,1,2014-03-14 00:18:46,2014-03-14 02:10:56,49,2014-03-14 02:03:20
247309,61,1,2014-03-14 00:18:46,2014-03-14 02:10:56,49,2014-03-14 02:10:56
245810,62,2,2014-03-14 01:05:50,2014-03-14 02:33:26,53,2014-03-14 02:14:42
246130,62,2,2014-03-14 01:05:50,2014-03-14 02:33:26,53,2014-03-14 02:29:42
245992,62,2,2014-03-14 01:05:50,2014-03-14 02:33:26,53,2014-03-14 02:33:26
247238,63,3,2014-03-14 00:43:44,2014-03-14 02:33:57,51,2014-03-14 02:21:48
247494,63,3,2014-03-14 00:43:44,2014-03-14 02:33:57,51,2014-03-14 02:27:06
245837,63,3,2014-03-14 00:43:44,2014-03-14 02:33:57,51,2014-03-14 02:33:57
247326,64,4,2014-03-14 00:52:01,2014-03-14 02:03:15,49,2014-03-14 01:39:13
246172,64,4,2014-03-14 00:52:01,2014-03-14 02:03:15,49,2014-03-14 01:51:00
246339,64,4,2014-03-14 00:52:01,2014-03-14 02:03:15,49,2014-03-14 02:03:15
246162,65,5,2014-03-14 00:34:04,2014-03-14 01:48:40,49,2014-03-14 01:40:14
247016,65,5,2014-03-14 00:34:04,2014-03-14 01:48:40,49,2014-03-14 01:41:58
247270,65,5,2014-03-14 00:34:04,2014-03-14 01:48:40,49,2014-03-14 01:48:40
247265,66,6,2014-03-14 00:22:57,2014-03-14 01:21:50,49,2014-03-14 01:03:31
247298,66,6,2014-03-14 00:22:57,2014-03-14 01:21:50,49,2014-03-14 01:16:56
246077,66,6,2014-03-14 00:22:57,2014-03-14 01:21:50,49,2014-03-14 01:21:50
246204,67,7,2014-03-14 00:51:22,2014-03-14 01:54:44,53,2014-03-14 01:44:20
247223,67,7,2014-03-14 00:51:22,2014-03-14 01:54:44,53,2014-03-14 01:49:23
247465,67,7,2014-03-14 00:51:22,2014-03-14 01:54:44,53,2014-03-14 01:54:44
246490,68,8,2014-03-14 00:49:43,2014-03-14 02:30:29,49,2014-03-14 02:14:32
247482,68,8,2014-03-14 00:49:43,2014-03-14 02:30:29,49,2014-03-14 02:22:41
247256,68,8,2014-03-14 00:49:43,2014-03-14 02:30:29,49,2014-03-14 02:30:29
245984,69,9,2014-03-14 02:27:24,2014-03-14 04:47:30,51,2014-03-14 04:06:26
246165,69,9,2014-03-14 02:27:24,2014-03-14 04:47:30,51,2014-03-14 04:30:13
246367,69,9,2014-03-14 02:27:24,2014-03-14 04:47:30,51,2014-03-14 04:47:30
247205,70,10,2014-03-13 23:36:34,2014-03-14 00:47:34,53,2014-03-14 00:30:31
247285,70,10,2014-03-13 23:36:34,2014-03-14 00:47:34,53,2014-03-14 00:34:01
247226,70,10,2014-03-13 23:36:34,2014-03-14 00:47:34,53,2014-03-14 00:47:34
247837,71,1,2014-03-14 02:10:56,2014-03-14 03:52:29,52,2014-03-14 03:36:12
245802,71,1,2014-03-14 02:10:56,2014-03-14 03:52:29,52,2014-03-14 03:48:54
246043,71,1,2014-03-14 02:10:56,2014-03-14 03:52:29,52,2014-03-14 03:52:29
247851,72,2,2014-03-14 02:33:26,2014-03-14 03:55:13,51,2014-03-14 03:31:53
246159,72,2,2014-03-14 02:33:26,2014-03-14 03:55:13,51,2014-03-14 03:50:47
246990,72,2,2014-03-14 02:33:26,2014-03-14 03:55:13,51,2014-03-14 03:55:13
247839,73,3,2014-03-14 02:33:57,2014-03-14 03:51:01,51,2014-03-14 03:22:09
245882,73,3,2014-03-14 02:33:57,2014-03-14 03:51:01,51,2014-03-14 03:37:42
245832,73,3,2014-03-14 02:33:57,2014-03-14 03:51:01,51,2014-03-14 03:51:01
247043,74,4,2014-03-14 02:03:15,2014-03-14 03:33:50,49,2014-03-14 03:14:00
247826,74,4,2014-03-14 02:03:15,2014-03-14 03:33:50,49,2014-03-14 03:18:45
247856,74,4,2014-03-14 02:03:15,2014-03-14 03:33:50,49,2014-03-14 03:33:50
247297,75,5,2014-03-14 01:48:40,2014-03-14 03:18:07,53,2014-03-14 03:03:26
247470,75,5,2014-03-14 01:48:40,2014-03-14 03:18:07,53,2014-03-14 03:10:21
247505,75,5,2014-03-14 01:48:40,2014-03-14 03:18:07,53,2014-03-14 03:18:07
246804,76,6,2014-03-14 01:21:50,2014-03-14 02:22:20,54,2014-03-14 02:07:38
246846,76,6,2014-03-14 01:21:50,2014-03-14 02:22:20,54,2014-03-14 02:15:56
247320,76,6,2014-03-14 01:21:50,2014-03-14 02:22:20,54,2014-03-14 02:22:20
247379,77,7,2014-03-14 01:54:44,2014-03-14 03:14:04,49,2014-03-14 03:03:04
247517,77,7,2014-03-14 01:54:44,2014-03-14 03:14:04,49,2014-03-14 03:05:25
247357,77,7,2014-03-14 01:54:44,2014-03-14 03:14:04,49,2014-03-14 03:14:04
245119,78,8,2014-03-14 02:30:29,2014-03-14 04:02:21,49,2014-03-14 03:45:11
246069,78,8,2014-03-14 02:30:29,2014-03-14 04:02:21,49,2014-03-14 03:52:23
247873,78,8,2014-03-14 02:30:29,2014-03-14 04:02:21,49,2014-03-14 04:02:21
246212,79,9,2014-03-14 04:47:30,2014-03-14 06:08:51,51,2014-03-14 05:38:45
247428,79,9,2014-03-14 04:47:30,2014-03-14 06:08:51,51,2014-03-14 05:46:43
247492,79,9,2014-03-14 04:47:30,2014-03-14 06:08:51,51,2014-03-14 06:08:51
246402,80,10,2014-03-14 00:47:34,2014-03-14 03:12:31,52,2014-03-14 02:48:56
246442,80,10,2014-03-14 00:47:34,2014-03-14 03:12:31,52,2014-03-14 02:50:57
246935,80,10,2014-03-14 00:47:34,2014-03-14 03:12:31,52,2014-03-14 03:12:31
245845,81,1,2014-03-14 03:52:29,2014-03-14 05:03:23,49,2014-03-14 04:53:38
246502,81,1,2014-03-14 03:52:29,2014-03-14 05:03:23,49,2014-03-14 04:55:13
245812,81,1,2014-03-14 03:52:29,2014-03-14 05:03:23,49,2014-03-14 05:03:23
246089,82,2,2014-03-14 03:55:13,2014-03-14 05:35:41,54,2014-03-14 05:10:41
247834,82,2,2014-03-14 03:55:13,2014-03-14 05:35:41,54,2014-03-14 05:16:12
247407,82,2,2014-03-14 03:55:13,2014-03-14 05:35:41,54,2014-03-14 05:35:41
245876,83,3,2014-03-14 03:51:01,2014-03-14 04:51:50,51,2014-03-14 04:38:49
246324,83,3,2014-03-14 03:51:01,2014-03-14 04:51:50,51,2014-03-14 04:46:49
247573,83,3,2014-03-14 03:51:01,2014-03-14 04:51:50,51,2014-03-14 04:51:50
245654,84,4,2014-03-14 03:33:50,2014-03-14 04:46:53,51,2014-03-14 04:33:21
245719,84,4,2014-03-14 03:33:50,2014-03-14 04:46:53,51,2014-03-14 04:36:34
246073,84,4,2014-03-14 03:33:50,2014-03-14 04:46:53,51,2014-03-14 04:46:53
247742,85,5,2014-03-14 03:18:07,2014-03-14 04:36:34,54,2014-03-14 04:30:33
247769,85,5,2014-03-14 03:18:07,2014-03-14 04:36:34,54,2014-03-14 04:35:23
247770,85,5,2014-03-14 03:18:07,2014-03-14 04:36:34,54,2014-03-14 04:36:34
247541,86,6,2014-03-14 02:22:20,2014-03-14 03:40:18,53,2014-03-14 03:23:13
246166,86,6,2014-03-14 02:22:20,2014-03-14 03:40:18,53,2014-03-14 03:29:26
247664,86,6,2014-03-14 02:22:20,2014-03-14 03:40:18,53,2014-03-14 03:40:18
247332,87,7,2014-03-14 03:14:04,2014-03-14 04:41:29,51,2014-03-14 04:11:48
247589,87,7,2014-03-14 03:14:04,2014-03-14 04:41:29,51,2014-03-14 04:27:38
244189,87,7,2014-03-14 03:14:04,2014-03-14 04:41:29,51,2014-03-14 04:41:29
247262,88,8,2014-03-14 04:02:21,2014-03-14 05:14:26,53,2014-03-14 04:53:36
247576,88,8,2014-03-14 04:02:21,2014-03-14 05:14:26,53,2014-03-14 05:07:12
247894,88,8,2014-03-14 04:02:21,2014-03-14 05:14:26,53,2014-03-14 05:14:26
247566,89,9,2014-03-14 06:08:51,2014-03-14 07:31:37,49,2014-03-14 07:11:00
247903,89,9,2014-03-14 06:08:51,2014-03-14 07:31:37,49,2014-03-14 07:22:32
247906,89,9,2014-03-14 06:08:51,2014-03-14 07:31:37,49,2014-03-14 07:31:37
247714,90,10,2014-03-14 03:12:31,2014-03-14 04:46:45,51,2014-03-14 04:40:11
247808,90,10,2014-03-14 03:12:31,2014-03-14 04:46:45,51,2014-03-14 04:43:47
247809,90,10,2014-03-14 03:12:31,2014-03-14 04:46:45,51,2014-03-14 04:46:45
248034,91,1,2014-03-14 05:03:23,2014-03-14 06:55:13,51,2014-03-14 06:21:19
248021,91,1,2014-03-14 05:03:23,2014-03-14 06:55:13,51,2014-03-14 06:25:47
248045,91,1,2014-03-14 05:03:23,2014-03-14 06:55:13,51,2014-03-14 06:55:13
248054,92,2,2014-03-14 05:35:41,2014-03-14 06:52:12,49,2014-03-14 06:37:08
247859,92,2,2014-03-14 05:35:41,2014-03-14 06:52:12,49,2014-03-14 06:43:30
248112,92,2,2014-03-14 05:35:41,2014-03-14 06:52:12,49,2014-03-14 06:52:12
247635,93,3,2014-03-14 04:51:50,2014-03-14 06:07:49,54,2014-03-14 05:46:34
247970,93,3,2014-03-14 04:51:50,2014-03-14 06:07:49,54,2014-03-14 06:03:50
248038,93,3,2014-03-14 04:51:50,2014-03-14 06:07:49,54,2014-03-14 06:07:49
247976,94,4,2014-03-14 04:46:53,2014-03-14 05:46:07,49,2014-03-14 05:39:12
248033,94,4,2014-03-14 04:46:53,2014-03-14 05:46:07,49,2014-03-14 05:44:03
248041,94,4,2014-03-14 04:46:53,2014-03-14 05:46:07,49,2014-03-14 05:46:07
245948,95,5,2014-03-14 04:36:34,2014-03-14 05:57:45,54,2014-03-14 05:47:38
245830,95,5,2014-03-14 04:36:34,2014-03-14 05:57:45,54,2014-03-14 05:54:24
246021,95,5,2014-03-14 04:36:34,2014-03-14 05:57:45,54,2014-03-14 05:57:45
247847,96,6,2014-03-14 03:40:18,2014-03-14 04:52:09,49,2014-03-14 04:37:07
247921,96,6,2014-03-14 03:40:18,2014-03-14 04:52:09,49,2014-03-14 04:39:32
247898,96,6,2014-03-14 03:40:18,2014-03-14 04:52:09,49,2014-03-14 04:52:09
245949,97,7,2014-03-14 04:41:29,2014-03-14 06:09:18,52,2014-03-14 05:49:20
247968,97,7,2014-03-14 04:41:29,2014-03-14 06:09:18,52,2014-03-14 06:02:51
248043,97,7,2014-03-14 04:41:29,2014-03-14 06:09:18,52,2014-03-14 06:09:18
248042,98,8,2014-03-14 05:14:26,2014-03-14 06:28:49,53,2014-03-14 06:08:52
248049,98,8,2014-03-14 05:14:26,2014-03-14 06:28:49,53,2014-03-14 06:15:00
248071,98,8,2014-03-14 05:14:26,2014-03-14 06:28:49,53,2014-03-14 06:28:49
248120,99,9,2014-03-14 07:31:37,2014-03-14 08:40:34,54,2014-03-14 08:30:23
247974,99,9,2014-03-14 07:31:37,2014-03-14 08:40:34,54,2014-03-14 08:38:43
248135,99,9,2014-03-14 07:31:37,2014-03-14 08:40:34,54,2014-03-14 08:40:34
247975,100,10,2014-03-14 04:46:45,2014-03-14 06:09:37,49,2014-03-14 05:44:51
248024,100,10,2014-03-14 04:46:45,2014-03-14 06:09:37,49,2014-03-14 05:53:10
248052,100,10,2014-03-14 04:46:45,2014-03-14 06:09:37,49,2014-03-14 06:09:37
